timestamp,power_w,cost_inr_so_far,co2_kg_so_far
2026-09-11T08:00:00,262.1,0.59,0.048
2026-09-11T08:15:00,241.0,1.13,0.091
2026-09-11T08:30:00,231.5,1.65,0.134
2026-09-11T08:45:00,246.8,2.21,0.178
2026-09-11T09:00:00,242.5,2.75,0.222
2026-09-11T09:15:00,231.5,3.27,0.265
2026-09-11T09:30:00,229.6,3.79,0.306
2026-09-11T09:45:00,262.5,4.38,0.354
2026-09-11T10:00:00,244.9,4.93,0.398
2026-09-11T10:15:00,234.8,5.46,0.441
2026-09-11T10:30:00,222.9,5.96,0.482
2026-09-11T10:45:00,275.7,6.58,0.532
2026-09-11T11:00:00,228.8,7.1,0.573
2026-09-11T11:15:00,219.4,7.59,0.613
2026-09-11T11:30:00,242.0,8.14,0.657
2026-09-11T11:45:00,243.8,8.68,0.702
2026-09-11T12:00:00,260.7,9.27,0.749
2026-09-11T12:15:00,265.9,9.87,0.797
2026-09-11T12:30:00,229.8,10.39,0.839
2026-09-11T12:45:00,254.0,10.96,0.885
2026-09-11T13:00:00,212.8,11.44,0.924
2026-09-11T13:15:00,235.4,11.97,0.967
2026-09-11T13:30:00,223.3,12.47,1.007
2026-09-11T13:45:00,228.0,12.98,1.049
2026-09-11T14:00:00,246.5,13.54,1.093
2026-09-11T14:15:00,358.5,14.34,1.159
2026-09-11T14:30:00,369.8,15.18,1.226
2026-09-11T14:45:00,379.3,16.03,1.295
2026-09-11T15:00:00,347.7,16.81,1.358
2026-09-11T15:15:00,349.6,17.6,1.421
2026-09-11T15:30:00,338.4,18.36,1.483
2026-09-11T15:45:00,361.8,19.17,1.549
2026-09-11T16:00:00,321.0,19.9,1.607
2026-09-11T16:15:00,345.8,20.67,1.67
2026-09-11T16:30:00,349.4,21.46,1.733
2026-09-11T16:45:00,335.1,22.21,1.794
2026-09-11T17:00:00,354.5,23.01,1.859
