timestamp,severity,likely_cause,suggested_action,estimated_monthly_savings_inr,estimated_monthly_co2_reduction_kg
2026-09-11T14:15:00,medium,"Likely electrical inefficiency (poor power factor, voltage imbalance, or a partially faulty winding) rather than a mechanical issue — vibration is still normal.","Check power factor correction and wiring connections; an electrician-level check, not a mechanical teardown.",85.93,6.941
2026-09-11T14:30:00,medium,"Likely electrical inefficiency (poor power factor, voltage imbalance, or a partially faulty winding) rather than a mechanical issue — vibration is still normal.","Check power factor correction and wiring connections; an electrician-level check, not a mechanical teardown.",94.88,7.664
2026-09-11T14:45:00,medium,"Likely electrical inefficiency (poor power factor, voltage imbalance, or a partially faulty winding) rather than a mechanical issue — vibration is still normal.","Check power factor correction and wiring connections; an electrician-level check, not a mechanical teardown.",102.41,8.272
2026-09-11T15:00:00,medium,"Likely electrical inefficiency (poor power factor, voltage imbalance, or a partially faulty winding) rather than a mechanical issue — vibration is still normal.","Check power factor correction and wiring connections; an electrician-level check, not a mechanical teardown.",77.38,6.25
2026-09-11T15:15:00,medium,"Likely electrical inefficiency (poor power factor, voltage imbalance, or a partially faulty winding) rather than a mechanical issue — vibration is still normal.","Check power factor correction and wiring connections; an electrician-level check, not a mechanical teardown.",78.88,6.372
2026-09-11T15:30:00,medium,"Likely electrical inefficiency (poor power factor, voltage imbalance, or a partially faulty winding) rather than a mechanical issue — vibration is still normal.","Check power factor correction and wiring connections; an electrician-level check, not a mechanical teardown.",70.01,5.655
2026-09-11T15:45:00,medium,"Likely electrical inefficiency (poor power factor, voltage imbalance, or a partially faulty winding) rather than a mechanical issue — vibration is still normal.","Check power factor correction and wiring connections; an electrician-level check, not a mechanical teardown.",88.55,7.153
2026-09-11T16:15:00,medium,"Likely electrical inefficiency (poor power factor, voltage imbalance, or a partially faulty winding) rather than a mechanical issue — vibration is still normal.","Check power factor correction and wiring connections; an electrician-level check, not a mechanical teardown.",75.87,6.129
2026-09-11T16:30:00,medium,"Likely electrical inefficiency (poor power factor, voltage imbalance, or a partially faulty winding) rather than a mechanical issue — vibration is still normal.","Check power factor correction and wiring connections; an electrician-level check, not a mechanical teardown.",78.72,6.359
2026-09-11T16:45:00,medium,"Likely electrical inefficiency (poor power factor, voltage imbalance, or a partially faulty winding) rather than a mechanical issue — vibration is still normal.","Check power factor correction and wiring connections; an electrician-level check, not a mechanical teardown.",67.4,5.444
2026-09-11T17:00:00,medium,"Likely electrical inefficiency (poor power factor, voltage imbalance, or a partially faulty winding) rather than a mechanical issue — vibration is still normal.","Check power factor correction and wiring connections; an electrician-level check, not a mechanical teardown.",82.76,6.685
