timestamp_ms,power_w,ax,ay,az,vibration_rms
0,322.6,0.0662,0.0704,9.8062,9.8067
900000,277.0,0.2301,0.2356,9.8234,9.8289
1800000,270.7,0.8441,0.8495,9.7942,9.8671
2700000,283.2,0.0028,-0.0009,9.8131,9.8131
3600000,269.8,0.9333,0.9338,9.7752,9.8639
4500000,317.9,0.4921,0.4944,9.8138,9.8386
5400000,306.7,0.5807,0.5772,9.8136,9.8477
6300000,302.5,0.0017,0.0037,9.8169,9.8169
7200000,316.5,0.5872,0.5909,9.7837,9.8191
8100000,280.5,0.6314,0.6272,9.7769,9.8173
9000000,267.8,0.6841,0.6718,9.7934,9.8403
9900000,297.8,0.7347,0.7273,9.8012,9.8556
10800000,297.3,0.5325,0.5383,9.8216,9.8507
11700000,276.4,0.4139,0.42,9.8182,9.8359
12600000,301.6,-0.0014,0.0049,9.8029,9.8029
13500000,318.6,0.6507,0.656,9.7482,9.7919
14400000,282.6,0.0002,0.0087,9.8409,9.8409
15300000,295.9,0.0012,-0.0038,9.8313,9.8313
16200000,298.7,0.0017,0.0032,9.8115,9.8115
17100000,301.4,0.0023,-0.0012,9.8163,9.8163
18000000,311.2,0.4925,0.4926,9.804,9.8287
18900000,303.5,0.5408,0.5384,9.804,9.8337
19800000,318.3,-0.0032,-0.0029,9.8011,9.8011
20700000,278.6,0.6809,0.6727,9.7899,9.8366
21600000,284.8,0.0067,-0.0019,9.8388,9.8388
22500000,308.2,0.3127,0.3078,9.7754,9.7852
23400000,285.6,0.629,0.629,9.807,9.8473
24300000,283.6,0.6077,0.6137,9.761,9.7991
25200000,293.0,0.4068,0.3968,9.8112,9.8276
26100000,300.3,0.9981,0.996,9.8109,9.9117
27000000,285.1,0.513,0.5112,9.7754,9.8022
27900000,304.9,0.0042,-0.005,9.8348,9.8348
28800000,319.3,0.0013,-0.0016,9.805,9.805
29700000,262.4,0.0027,0.0008,9.8317,9.8317
30600000,253.4,0.7086,0.7124,9.8162,9.8675
31500000,308.3,0.6211,0.6124,9.7795,9.8184
32400000,280.5,0.5225,0.5232,9.786,9.8139
33300000,321.2,1.0019,1.0051,9.827,9.9289
34200000,346.7,0.7075,0.7181,9.7652,9.8171
35100000,292.6,-0.0018,0.0011,9.8415,9.8415
36000000,288.4,0.0,-0.0032,9.8203,9.8203
36900000,295.3,0.0005,0.003,9.7996,9.7996
37800000,300.6,0.6986,0.6985,9.792,9.8417
38700000,294.8,0.5989,0.6003,9.8257,9.8622
39600000,279.5,0.9477,0.9432,9.7628,9.854
40500000,303.3,0.5253,0.5298,9.8161,9.8444
41400000,259.6,0.4673,0.4634,9.7593,9.7814
42300000,303.2,0.0083,0.0024,9.8163,9.8163
43200000,298.0,1.0489,1.0416,9.8129,9.9236
44100000,319.8,-0.0003,-0.0009,9.7955,9.7955
45000000,299.3,-0.0014,0.0065,9.7863,9.7863
45900000,305.2,0.4371,0.4417,9.7893,9.809
46800000,279.6,-0.0027,-0.0049,9.8087,9.8087
47700000,299.8,0.0018,0.0005,9.8057,9.8057
48600000,310.8,-0.0041,-0.0073,9.79,9.79
49500000,315.2,0.0003,-0.0016,9.8041,9.8041
50400000,299.1,-0.0014,-0.002,9.8057,9.8057
51300000,325.6,0.3468,0.3404,9.8273,9.8393
52200000,320.1,0.5441,0.5479,9.785,9.8155
53100000,285.5,0.6093,0.6051,9.8031,9.8406
54000000,252.9,0.4945,0.485,9.7692,9.7937
54900000,277.6,-0.0057,0.003,9.8169,9.8169
55800000,298.7,0.1953,0.2145,9.7743,9.7786
56700000,300.4,-0.003,0.0008,9.7958,9.7958
57600000,292.3,0.2839,0.2868,9.8106,9.8189
58500000,290.1,0.5543,0.5605,9.7985,9.8302
59400000,309.5,0.186,0.1758,9.7817,9.785
60300000,287.3,0.4678,0.4738,9.7806,9.8032
61200000,259.6,0.4083,0.4089,9.8166,9.8336
62100000,292.4,0.6249,0.6217,9.8169,9.8564
63000000,316.4,-0.0051,0.0036,9.7824,9.7824
63900000,282.8,0.2411,0.2447,9.84,9.846
64800000,309.7,0.1412,0.1374,9.7871,9.7891
65700000,308.6,0.6843,0.6763,9.7974,9.8445
66600000,298.0,0.0021,-0.0101,9.8097,9.8097
67500000,305.7,-0.0051,-0.0034,9.8074,9.8074
68400000,281.9,0.4416,0.4382,9.8036,9.8234
69300000,299.5,0.0042,-0.003,9.7807,9.7807
70200000,325.5,-0.008,-0.0066,9.8105,9.8105
71100000,297.2,0.0063,0.0027,9.7788,9.7788
72000000,278.7,0.3797,0.3892,9.7825,9.7976
72900000,325.0,0.7168,0.7189,9.7736,9.8262
73800000,274.2,0.6658,0.6729,9.7872,9.8329
74700000,328.4,0.3192,0.328,9.7971,9.8078
75600000,300.4,-0.0049,-0.005,9.7995,9.7995
76500000,309.9,-0.0078,0.003,9.7892,9.7892
77400000,305.2,0.3983,0.3948,9.8125,9.8285
78300000,299.2,0.5974,0.5936,9.8094,9.8455
79200000,318.3,0.282,0.2819,9.8049,9.813
80100000,297.5,0.9408,0.9365,9.7977,9.8872
81000000,284.2,0.5626,0.56,9.7519,9.7841
81900000,299.7,0.002,0.0061,9.8139,9.8139
82800000,267.5,0.5987,0.5929,9.781,9.8172
83700000,296.4,0.3092,0.3065,9.7906,9.8003
84600000,267.1,-0.0026,-0.0011,9.7995,9.7995
85500000,299.4,-0.0,-0.0031,9.8049,9.8049
86400000,312.1,0.4027,0.4044,9.794,9.8106
87300000,310.6,0.4651,0.4612,9.8046,9.8264
88200000,296.5,0.9303,0.9357,9.7934,9.8819
89100000,250.5,0.6213,0.626,9.7721,9.8118
90000000,290.6,0.003,-0.0035,9.7858,9.7858
90900000,322.1,-0.003,0.0018,9.7774,9.7775
91800000,288.0,0.0037,-0.0012,9.7622,9.7622
92700000,309.0,-0.0018,-0.0008,9.7972,9.7972
93600000,287.3,0.4472,0.4469,9.8088,9.8291
94500000,327.7,0.498,0.4968,9.7965,9.8217
95400000,261.4,0.6769,0.687,9.774,9.8214
96300000,289.9,-0.004,-0.0032,9.7896,9.7896
97200000,292.4,0.0018,-0.0027,9.8075,9.8075
98100000,308.4,0.6289,0.6313,9.7676,9.8082
99000000,271.8,1.0597,1.0529,9.78,9.8934
99900000,349.6,0.8606,0.8549,9.7892,9.8641
100800000,238.1,0.5627,0.5578,9.77,9.8021
101700000,374.2,0.7387,0.7456,9.7884,9.8445
102600000,339.8,0.7306,0.7277,9.7607,9.815
103500000,323.3,0.4552,0.4474,9.7772,9.7981
104400000,355.6,0.0021,0.0028,9.8141,9.8141
105300000,266.9,0.0021,0.0013,9.8603,9.8603
106200000,305.5,0.8951,0.8898,9.7913,9.8723
107100000,346.8,-0.003,-0.0043,9.8179,9.8179
108000000,310.9,0.0009,0.0043,9.7768,9.7768
108900000,339.6,-0.0012,-0.0024,9.7939,9.7939
109800000,295.7,0.0003,-0.0031,9.7976,9.7976
110700000,277.6,0.3521,0.3553,9.7901,9.8028
111600000,332.1,0.0017,0.0082,9.8113,9.8113
112500000,291.8,0.7749,0.7789,9.8133,9.8746
113400000,354.5,0.0033,0.0027,9.7986,9.7986
114300000,332.2,0.8421,0.8397,9.7809,9.853
115200000,297.1,0.3698,0.3734,9.79,9.8041
116100000,308.1,0.7074,0.7166,9.797,9.8486
117000000,319.2,0.1197,0.1156,9.7873,9.7888
117900000,339.5,-0.0031,-0.0014,9.8006,9.8006
118800000,344.7,0.4315,0.4331,9.7987,9.8178
119700000,364.5,0.948,0.9496,9.8039,9.8952
120600000,332.8,0.0002,0.0004,9.7934,9.7934
121500000,348.7,0.5184,0.5282,9.8108,9.8386
122400000,338.9,0.6034,0.6061,9.83,9.8671
123300000,351.1,0.6537,0.6485,9.7867,9.8299
124200000,368.4,0.0078,-0.0037,9.8153,9.8153
125100000,326.4,1.0389,1.0312,9.7837,9.8926
126000000,371.6,0.3739,0.3659,9.7991,9.813
126900000,369.4,0.8916,0.9009,9.761,9.8429
127800000,307.9,0.427,0.4262,9.8018,9.8204
128700000,369.6,0.7747,0.7747,9.7716,9.8328
129600000,348.6,0.497,0.4894,9.7664,9.7913
130500000,352.6,0.0012,-0.004,9.7949,9.7949
131400000,349.1,0.4798,0.4822,9.8377,9.8612
132300000,382.9,0.5275,0.5228,9.7849,9.813
133200000,389.7,0.7377,0.7422,9.779,9.8348
134100000,364.4,-0.0058,0.0015,9.8094,9.8094
135000000,368.0,0.5972,0.6009,9.8129,9.8494
135900000,375.0,1.0074,1.0165,9.7608,9.8652
136800000,342.3,0.0012,0.002,9.8242,9.8242
137700000,390.2,0.0051,-0.0044,9.7803,9.7803
138600000,343.5,0.9142,0.9118,9.7566,9.8417
139500000,369.2,-0.0058,0.0008,9.7986,9.7986
140400000,388.0,0.5097,0.5078,9.8078,9.8341
141300000,409.3,0.7246,0.7214,9.7903,9.8436
142200000,367.9,-0.0076,0.0007,9.7983,9.7983
143100000,356.3,0.0056,-0.0068,9.8342,9.8342
144000000,377.0,0.0076,-0.0009,9.7881,9.7881
144900000,374.7,-0.0041,-0.0045,9.8046,9.8046
145800000,334.7,-0.0006,0.002,9.8168,9.8168
146700000,406.1,0.0097,-0.0057,9.7895,9.7895
147600000,374.8,-0.0056,0.0064,9.7859,9.7859
148500000,391.6,0.7061,0.7099,9.785,9.8361
149400000,324.7,0.5459,0.5579,9.7869,9.818
150300000,349.2,0.8193,0.8329,9.7834,9.8529
151200000,381.5,-0.0036,0.0003,9.7984,9.7984
152100000,378.4,0.9802,0.9729,9.7678,9.8649
153000000,409.6,0.0032,-0.0073,9.8202,9.8202
153900000,418.3,-0.0016,-0.0005,9.812,9.812
154800000,401.6,0.4575,0.4596,9.7769,9.7984
155700000,450.7,0.0038,0.0029,9.8001,9.8001
156600000,408.5,0.0021,-0.0054,9.7923,9.7923
157500000,402.6,0.0052,0.0055,9.8151,9.8151
158400000,386.8,0.3539,0.3468,9.7976,9.8102
159300000,407.7,0.0001,0.0015,9.7925,9.7925
160200000,419.1,0.2442,0.2386,9.8185,9.8244
161100000,411.5,0.5937,0.5899,9.7855,9.8212
162000000,426.2,0.1605,0.1658,9.7976,9.8003
162900000,410.8,0.0022,-0.0054,9.8238,9.8238
163800000,420.0,0.4439,0.4446,9.7743,9.7944
164700000,427.6,0.7307,0.7306,9.7859,9.8403
165600000,411.5,0.4816,0.4811,9.793,9.8166
166500000,415.2,0.0005,0.0004,9.8496,9.8496
167400000,410.3,0.0067,0.002,9.8139,9.8139
168300000,390.2,0.7258,0.7365,9.8266,9.8809
169200000,397.5,0.003,-0.0006,9.8022,9.8022
170100000,411.5,0.3097,0.3107,9.7895,9.7993
171000000,446.6,0.4552,0.4555,9.8149,9.836
171900000,441.5,0.003,0.003,9.8231,9.8231
172800000,407.3,0.0066,-0.0021,9.791,9.791
173700000,482.7,0.0013,0.0001,9.8088,9.8088
174600000,439.7,0.005,0.003,9.8252,9.8252
175500000,451.5,0.0925,0.0854,9.8061,9.8069
176400000,432.4,0.1966,0.1964,9.796,9.8
177300000,433.9,0.2026,0.1968,9.7665,9.7706
178200000,422.6,-0.0036,-0.0013,9.8127,9.8127
179100000,479.0,0.521,0.5184,9.8098,9.8373
