timestamp,rx (mm/s^2),ry (mm/s^2),rz (mm/s^2),"label (0=normal,1=abnormal)"
2026-07-21T00:30:00,0.253,0.181,0.271,0
2026-07-21T02:45:00,1.059,0.956,0.842,1
2026-07-20T19:00:00,0.186,0.278,0.195,0
2026-07-21T04:30:00,0.903,0.885,1.127,1
2026-07-21T04:45:00,0.99,0.824,1.042,1
2026-07-20T11:30:00,0.243,0.232,0.161,0
2026-07-20T09:15:00,0.216,0.189,0.269,0
2026-07-20T21:00:00,0.362,0.278,0.179,0
2026-07-20T08:00:00,0.28,0.242,0.289,0
2026-07-21T07:30:00,1.109,0.826,1.163,1
2026-07-21T05:30:00,0.994,1.027,0.857,1
2026-07-20T12:15:00,0.227,0.209,0.287,0
2026-07-20T10:30:00,0.214,0.361,0.249,0
2026-07-20T21:15:00,0.289,0.192,0.297,0
2026-07-20T21:45:00,0.275,0.299,0.364,0
2026-07-21T01:15:00,0.281,0.281,0.481,0
2026-07-21T07:45:00,0.755,0.935,1.009,1
2026-07-20T23:30:00,0.278,0.246,0.199,0
2026-07-20T20:15:00,0.171,0.281,0.268,0
2026-07-21T01:45:00,1.015,0.918,1.026,1
2026-07-20T19:30:00,0.299,0.176,0.264,0
2026-07-20T17:30:00,0.238,0.268,0.248,0
2026-07-21T05:00:00,1.162,1.053,0.798,1
2026-07-21T03:15:00,0.972,0.955,0.885,1
2026-07-20T17:15:00,0.248,0.254,0.398,0
2026-07-20T08:45:00,0.283,0.222,0.222,0
2026-07-21T04:15:00,1.037,0.83,0.917,1
2026-07-20T14:30:00,0.256,0.131,0.237,0
2026-07-20T20:30:00,0.265,0.271,0.209,0
2026-07-20T20:45:00,0.264,0.268,0.207,0
2026-07-21T07:00:00,0.97,0.89,0.957,1
2026-07-20T08:30:00,0.345,0.296,0.222,0
2026-07-20T09:00:00,0.265,0.135,0.147,0
2026-07-20T11:45:00,0.207,0.222,0.313,0
2026-07-20T18:15:00,0.166,0.285,0.381,0
2026-07-20T15:30:00,0.256,0.308,0.208,0
2026-07-20T11:15:00,0.262,0.294,0.26,0
2026-07-20T14:45:00,0.271,0.339,0.219,0
2026-07-21T03:45:00,0.969,0.884,1.035,1
2026-07-20T10:00:00,0.217,0.257,0.181,0
2026-07-21T06:45:00,0.951,0.852,0.996,1
2026-07-21T05:45:00,0.944,0.626,0.848,1
2026-07-20T22:45:00,0.337,0.234,0.413,0
2026-07-21T00:00:00,0.263,0.175,0.26,0
2026-07-21T03:30:00,1.164,1.013,0.747,1
2026-07-20T12:30:00,0.312,0.306,0.2,0
2026-07-20T22:30:00,0.267,0.3,0.251,0
2026-07-20T13:15:00,0.178,0.299,0.331,0
2026-07-20T22:00:00,0.235,0.205,0.197,0
2026-07-20T19:45:00,0.328,0.154,0.261,0
2026-07-20T12:45:00,0.231,0.27,0.309,0
2026-07-20T23:00:00,0.288,0.199,0.186,0
2026-07-20T12:00:00,0.271,0.144,0.269,0
2026-07-20T15:15:00,0.27,0.218,0.281,0
2026-07-20T18:00:00,0.297,0.195,0.334,0
2026-07-21T05:15:00,0.902,1.077,0.879,1
2026-07-20T14:00:00,0.248,0.344,0.093,0
2026-07-21T00:15:00,0.273,0.197,0.259,0
2026-07-21T06:15:00,0.807,0.906,0.963,1
2026-07-20T21:30:00,0.32,0.201,0.308,0
2026-07-21T01:00:00,0.167,0.194,0.281,0
2026-07-21T06:00:00,0.925,0.825,1.113,1
2026-07-20T17:00:00,0.265,0.246,0.135,0
2026-07-20T15:45:00,0.23,0.226,0.162,0
2026-07-20T23:15:00,0.279,0.237,0.293,0
2026-07-20T13:30:00,0.246,0.31,0.272,0
2026-07-21T01:30:00,1.007,1.064,1.045,1
2026-07-21T02:00:00,0.873,0.926,0.901,1
2026-07-20T20:00:00,0.266,0.297,0.176,0
2026-07-20T23:45:00,0.159,0.223,0.301,0
2026-07-20T13:45:00,0.211,0.272,0.342,0
2026-07-20T10:15:00,0.273,0.214,0.232,0
2026-07-21T03:00:00,0.878,1.018,0.877,1
2026-07-20T13:00:00,0.221,0.239,0.184,0
2026-07-20T16:45:00,0.274,0.363,0.26,0
2026-07-21T06:30:00,1.094,0.806,1.066,1
2026-07-21T02:30:00,1.019,0.789,0.903,1
2026-07-20T22:15:00,0.201,0.245,0.27,0
2026-07-21T00:45:00,0.284,0.315,0.313,0
2026-07-20T09:30:00,0.196,0.165,0.338,0
2026-07-20T16:15:00,0.236,0.165,0.225,0
2026-07-21T07:15:00,0.911,0.961,1.016,1
2026-07-20T14:15:00,0.299,0.255,0.232,0
2026-07-20T09:45:00,0.236,0.254,0.165,0
2026-07-21T04:00:00,0.871,0.939,1.0,1
2026-07-20T16:30:00,0.229,0.202,0.24,0
2026-07-20T08:15:00,0.341,0.236,0.236,0
2026-07-20T19:15:00,0.343,0.203,0.231,0
2026-07-20T10:45:00,0.187,0.299,0.177,0
2026-07-20T11:00:00,0.263,0.132,0.17,0
2026-07-20T15:00:00,0.201,0.22,0.305,0
2026-07-20T18:45:00,0.22,0.157,0.254,0
2026-07-20T18:30:00,0.191,0.216,0.256,0
2026-07-21T02:15:00,0.958,1.181,0.763,1
2026-07-20T17:45:00,0.18,0.319,0.295,0
2026-07-20T16:00:00,0.268,0.266,0.25,0
