timestamp,adc_raw,power_w,vibration_rms
2026-09-10T08:00:00,459,280.4,0.261
2026-09-10T08:15:00,418,255.5,0.296
2026-09-10T08:30:00,398,243.2,0.28
2026-09-10T08:45:00,417,255.0,0.21
2026-09-10T09:00:00,442,270.3,0.304
2026-09-10T09:15:00,402,245.6,0.273
2026-09-10T09:30:00,430,262.6,0.27
2026-09-10T09:45:00,411,251.4,0.222
2026-09-10T10:00:00,431,263.3,0.285
2026-09-10T10:15:00,424,259.1,0.219
2026-09-10T10:30:00,458,279.8,0.286
2026-09-10T10:45:00,408,249.2,0.361
2026-09-10T11:00:00,416,254.3,0.222
2026-09-10T11:15:00,407,248.9,0.188
2026-09-10T11:30:00,443,270.7,0.263
2026-09-10T11:45:00,399,243.9,0.323
2026-09-10T12:00:00,377,230.2,0.301
2026-09-10T12:15:00,366,224.0,0.254
2026-09-10T12:30:00,388,236.9,0.338
2026-09-10T12:45:00,461,281.5,0.267
2026-09-10T13:00:00,438,267.6,0.273
2026-09-10T13:15:00,431,263.5,0.25
2026-09-10T13:30:00,375,229.4,0.208
2026-09-10T13:45:00,427,260.7,0.37
2026-09-10T14:00:00,424,259.0,0.259
2026-09-10T14:15:00,464,283.7,0.289
2026-09-10T14:30:00,420,256.5,0.29
2026-09-10T14:45:00,414,253.0,0.268
2026-09-10T15:00:00,629,384.1,1.0
2026-09-10T15:15:00,684,417.6,1.069
2026-09-10T15:30:00,672,410.8,0.759
2026-09-10T15:45:00,683,417.5,1.12
2026-09-10T16:00:00,672,410.4,0.861
2026-09-10T16:15:00,639,390.2,0.845
2026-09-10T16:30:00,675,412.5,0.832
2026-09-10T16:45:00,749,457.4,0.922
2026-09-10T17:00:00,692,422.7,1.094
